Use caugdi1_IN705Assignment1 

/* Populating the Database */

--create categories
insert Category (CategoryName) values ('Black Steel')
insert Category (CategoryName) values ('Assembly')
insert Category (CategoryName) values ('Fixings')
insert Category (CategoryName) values ('Paint')
insert Category (CategoryName) values ('Labour')


--create contacts

Declare  @ABC int, @XYZ int, @CDBD int, @BITManf int;

insert Contact (ContactName, ContactPostalAddress, ContactWWW, ContactEmail, ContactPhone, ContactFax)
values ('ABC Ltd.', '17 George Street, Dunedin', 'www.abc.co.nz', 'info@abc.co.nz', '	471 2345', null)
Set @ABC = @@IDENTITY

insert Contact (ContactName, ContactPostalAddress, ContactWWW, ContactEmail, ContactPhone, ContactFax)
values ('XYZ Ltd.', '23 Princes Street, Dunedin', null, 'xyz@paradise.net.nz', '4798765', '4798760')
Set @XYZ = @@IDENTITY 

insert Contact (ContactName, ContactPostalAddress, ContactWWW, ContactEmail, ContactPhone, ContactFax)
values ('CDBD Pty Ltd.',	'Lot 27, Kangaroo Estate, Bondi, NSW, Australia 2026', '	www.cdbd.com.au', 'support@cdbd.com.au', '+61 (2) 9130 1234', null)
Set @CDBD = @@IDENTITY

insert Contact (ContactName, ContactPostalAddress, ContactWWW, ContactEmail, ContactPhone, ContactFax)
values ('BIT Manufacturing Ltd.', 'Forth Street, Dunedin', 'bitmanf.tekotago.ac.nz', 'bitmanf@tekotago.ac.nz', '0800 SMARTMOVE', null)
Set @BITManf = @@IDENTITY

Insert Into Supplier (SupplierID, SupplierGST) Values (@ABC, 0.15);
Insert Into Supplier (SupplierID, SupplierGST) Values (@XYZ, 0.15);
Insert Into Supplier (SupplierID, SupplierGST) Values (@CDBD, 0.15);
Insert Into Supplier (SupplierID, SupplierGST) Values (@BITManf, 0.15);

Insert Customer (CustomerID) Values (@ABC);
Insert Customer (CustomerID) Values (@XYZ);
Insert Customer (CustomerID) Values (@CDBD);
Insert Customer (CustomerID) Values (@BITManf);

-- create components
set IDENTITY_INSERT Component on

insert Component (ComponentID, ComponentName, ComponentDescription, SupplierID, ListPrice, TradePrice, TimeToFit, CategoryID)
values (30901, 'BMS10', '10mm M6 ms bolt', @ABC, 0.20, 0.17, 0.5, dbo.getCategoryID('Fixings'))
insert Component (ComponentID, ComponentName, ComponentDescription, SupplierID, ListPrice, TradePrice, TimeToFit, CategoryID)
values (30902, 'BMS12', '12mm M6 ms bolt', @ABC, 0.25, 0.2125,	0.5, dbo.getCategoryID('Fixings'))
insert Component (ComponentID, ComponentName, ComponentDescription, SupplierID, ListPrice, TradePrice, TimeToFit, CategoryID)
values (30903, 'BMS15', '15mm M6 ms bolt', @ABC, 0.32, 0.2720, 0.5, dbo.getCategoryID('Fixings'))
insert Component (ComponentID, ComponentName, ComponentDescription, SupplierID, ListPrice, TradePrice, TimeToFit, CategoryID)
values (30904, 'NMS10', '10mm M6 ms nut', @ABC, 0.05, 0.04, 0.5, dbo.getCategoryID('Fixings'))
insert Component (ComponentID, ComponentName, ComponentDescription, SupplierID, ListPrice, TradePrice, TimeToFit, CategoryID)
values (30905, 'NMS12', '12mm M6 ms nut', @ABC, 0.052, 0.0416, 0.5, dbo.getCategoryID('Fixings'))
insert Component (ComponentID, ComponentName, ComponentDescription, SupplierID, ListPrice, TradePrice, TimeToFit, CategoryID)
values (30906, 'NMS15', '15mm M6 ms nut', @ABC, 0.052, 0.0416, 0.5, dbo.getCategoryID('Fixings'))
insert Component (ComponentID, ComponentName, ComponentDescription, SupplierID, ListPrice, TradePrice, TimeToFit, CategoryID)
values (30911, 'BMS.3.12', '3mm x 12mm flat ms bar', @XYZ, 1.20, 1.15, 	0.75, dbo.getCategoryID('Black Steel'))
insert Component (ComponentID, ComponentName, ComponentDescription, SupplierID, ListPrice, TradePrice, TimeToFit, CategoryID)
values (30912, 'BMS.5.15', '5mm x 15mm flat ms bar', @XYZ, 2.50, 2.45, 	0.75, dbo.getCategoryID('Black Steel'))
insert Component (ComponentID, ComponentName, ComponentDescription, SupplierID, ListPrice, TradePrice, TimeToFit, CategoryID)
values (30913, 'BMS.10.25', '10mm x 25mm flat ms bar', @XYZ, 8.33, 8.27, 0.75, dbo.getCategoryID('Black Steel'))
insert Component (ComponentID, ComponentName, ComponentDescription, SupplierID, ListPrice, TradePrice, TimeToFit, CategoryID)
values (30914, 'BMS.15.40', '15mm x 40mm flat ms bar', @XYZ, 20.00, 19.85, 0.75, dbo.getCategoryID('Black Steel'))
insert Component (ComponentID, ComponentName, ComponentDescription, SupplierID, ListPrice, TradePrice, TimeToFit, CategoryID)
values (30931, '27', 'Anti-rust paint, silver', @CDBD, 74.58, 63.85, 0, dbo.getCategoryID('Paint'))
insert Component (ComponentID, ComponentName, ComponentDescription, SupplierID, ListPrice, TradePrice, TimeToFit, CategoryID)
values (30932, '43', 'Anti-rust paint, red', @CDBD, 74.58, 63.85, 0, dbo.getCategoryID('Paint'))
insert Component (ComponentID, ComponentName, ComponentDescription, SupplierID, ListPrice, TradePrice, TimeToFit, CategoryID)
values (30933, '154', 'Anti-rust paint, blue', @CDBD, 74.58, 63.85, 0, dbo.getCategoryID('Paint'))
insert Component (ComponentID, ComponentName, ComponentDescription, SupplierID, ListPrice, TradePrice, TimeToFit, CategoryID)
values (30921, 'ARTLAB', 'Artisan labour', @BITManf, 42.00, 42.00, 0	, dbo.getCategoryID('Labour'))
insert Component (ComponentID, ComponentName, ComponentDescription, SupplierID, ListPrice, TradePrice, TimeToFit, CategoryID)
values (30922, 'DESLAB', 'Designer labour', @BITManf, 54.00, 54.00, 0, dbo.getCategoryID('Labour'))
insert Component (ComponentID, ComponentName, ComponentDescription, SupplierID, ListPrice, TradePrice, TimeToFit, CategoryID)
values (30923, 'APPLAB', 'Apprentice labour', @BITManf, 23.50, 23.50, 0, dbo.getCategoryID('Labour'))

set IDENTITY_INSERT Component off
